{"input": ["llvm -keys=cpu ", "dense_pack.x86", [["TENSOR", [1, 256], "float32"], ["TENSOR", [4, 256], "float32"], null, "float32"], {}], "config": {"index": 5, "code_hash": null, "entity": [["tile_y", "sp", [-1, 1, 1]], ["tile_x", "sp", [-1, 1, 4]], ["tile_k", "sp", [-1, 1]], ["tile_inner", "sp", [-1, 1]]]}, "result": [[8.75e-07, 8.75e-07, 1.166e-06, 1.458e-06, 1.458e-06, 1.458e-06, 1.459e-06, 1.459e-06, 1.749e-06, 1.75e-06, 1.75e-06, 1.75e-06, 1.75e-06, 1.75e-06, 1.75e-06, 1.75e-06, 1.75e-06, 1.75e-06, 1.75e-06, 1.75e-06, 1.75e-06, 2.041e-06, 2.041e-06, 2.042e-06, 2.042e-06, 2.042e-06, 2.333e-06, 2.333e-06], 0, 0.27816152572631836, 1683820388.5960596], "version": 0.2, "tvm_version": "0.12.dev0"}
{"input": ["llvm -keys=cpu ", "dense_nopack.x86", [["TENSOR", [1, 256], "float32"], ["TENSOR", [4, 256], "float32"], null, "float32"], {}], "config": {"index": 8, "code_hash": null, "entity": [["tile_y", "sp", [-1, 1]], ["tile_x", "sp", [-1, 4]], ["tile_k", "sp", [-1, 4]]]}, "result": [[8.75e-07, 8.75e-07, 8.75e-07, 8.75e-07, 8.75e-07, 1.166e-06, 1.166e-06, 1.166e-06, 1.166e-06, 1.166e-06, 1.167e-06, 1.167e-06, 1.167e-06, 1.167e-06, 1.167e-06, 1.167e-06, 1.458e-06, 1.458e-06, 1.458e-06, 1.458e-06, 1.458e-06, 1.458e-06, 1.458e-06, 1.459e-06, 1.75e-06, 1.75e-06, 1.75e-06, 2.042e-06], 0, 0.38758206367492676, 1683820402.7094328], "version": 0.2, "tvm_version": "0.12.dev0"}
{"input": ["llvm -keys=cpu ", "dense_pack.x86", [["TENSOR", [1, 64], "float32"], ["TENSOR", [128, 64], "float32"], null, "float32"], {}], "config": {"index": 101, "code_hash": null, "entity": [["tile_y", "sp", [-1, 1, 1]], ["tile_x", "sp", [-1, 8, 16]], ["tile_k", "sp", [-1, 4]], ["tile_inner", "sp", [-1, 1]]]}, "result": [[2.6250000000000003e-06, 2.6250000000000003e-06, 2.6250000000000003e-06, 2.6250000000000003e-06, 2.6250000000000003e-06, 2.6250000000000003e-06, 2.916e-06, 2.9169999999999998e-06, 2.9169999999999998e-06, 2.9169999999999998e-06, 2.9169999999999998e-06, 2.9169999999999998e-06, 2.9169999999999998e-06, 2.9169999999999998e-06, 2.9169999999999998e-06, 2.9169999999999998e-06, 3.208e-06, 3.208e-06, 3.208e-06, 3.208e-06, 3.208e-06, 3.208e-06, 3.209e-06, 3.209e-06, 3.5e-06, 3.5e-06, 3.5e-06, 3.5e-06], 0, 1.280066728591919, 1683820464.74146], "version": 0.2, "tvm_version": "0.12.dev0"}
{"input": ["llvm -keys=cpu ", "dense_nopack.x86", [["TENSOR", [1, 64], "float32"], ["TENSOR", [128, 64], "float32"], null, "float32"], {}], "config": {"index": 23, "code_hash": null, "entity": [["tile_y", "sp", [-1, 1]], ["tile_x", "sp", [-1, 128]], ["tile_k", "sp", [-1, 4]]]}, "result": [[5.8339999999999995e-06, 6.125000000000001e-06, 6.125000000000001e-06, 6.125000000000001e-06, 6.125000000000001e-06, 6.125000000000001e-06, 6.125000000000001e-06, 6.125000000000001e-06, 6.125000000000001e-06, 6.125000000000001e-06, 6.416e-06, 6.416e-06, 6.417e-06, 6.417e-06, 6.417e-06, 6.417e-06, 6.417e-06, 6.708000000000001e-06, 6.708000000000001e-06, 6.708000000000001e-06, 6.708000000000001e-06, 6.708000000000001e-06, 6.708000000000001e-06, 6.708000000000001e-06, 7e-06, 7e-06, 7e-06, 7e-06], 0, 0.7203752994537354, 1683820567.384712], "version": 0.2, "tvm_version": "0.12.dev0"}
{"input": ["llvm -keys=cpu ", "dense_pack.x86", [["TENSOR", [1, 256], "float32"], ["TENSOR", [64, 256], "float32"], null, "float32"], {}], "config": {"index": 111, "code_hash": null, "entity": [["tile_y", "sp", [-1, 1, 1]], ["tile_x", "sp", [-1, 1, 64]], ["tile_k", "sp", [-1, 8]], ["tile_inner", "sp", [-1, 1]]]}, "result": [[4.958e-06, 5.249e-06, 5.249e-06, 5.2500000000000006e-06, 5.2500000000000006e-06, 5.2500000000000006e-06, 5.2500000000000006e-06, 5.541e-06, 5.541e-06, 5.541e-06, 5.5420000000000005e-06, 5.5420000000000005e-06, 5.5420000000000005e-06, 5.5420000000000005e-06, 5.5420000000000005e-06, 5.5420000000000005e-06, 5.5420000000000005e-06, 5.5420000000000005e-06, 5.5420000000000005e-06, 5.833e-06, 5.833e-06, 5.833e-06, 5.833e-06, 5.833e-06, 5.8339999999999995e-06, 5.8339999999999995e-06, 6.125000000000001e-06, 6.125000000000001e-06], 0, 0.36875271797180176, 1683820646.1544952], "version": 0.2, "tvm_version": "0.12.dev0"}
{"input": ["llvm -keys=cpu ", "dense_nopack.x86", [["TENSOR", [1, 256], "float32"], ["TENSOR", [64, 256], "float32"], null, "float32"], {}], "config": {"index": 15, "code_hash": null, "entity": [["tile_y", "sp", [-1, 1]], ["tile_x", "sp", [-1, 2]], ["tile_k", "sp", [-1, 4]]]}, "result": [[1.2542e-05, 1.2833e-05, 1.2833e-05, 1.2833e-05, 1.2834e-05, 1.2834e-05, 1.3124e-05, 1.3124e-05, 1.3124999999999999e-05, 1.3124999999999999e-05, 1.3124999999999999e-05, 1.3124999999999999e-05, 1.3124999999999999e-05, 1.3124999999999999e-05, 1.3416000000000002e-05, 1.3416000000000002e-05, 1.3417e-05, 1.3417e-05, 1.3417e-05, 1.3417e-05, 1.3417e-05, 1.3417e-05, 1.3708e-05, 1.3708e-05, 1.3708e-05, 1.4e-05, 1.4292e-05, 1.4583e-05], 0, 0.17635703086853027, 1683820711.4049757], "version": 0.2, "tvm_version": "0.12.dev0"}
{"input": ["llvm -keys=cpu ", "dense_pack.x86", [["TENSOR", [1, 512], "float32"], ["TENSOR", [1024, 512], "float32"], null, "float32"], {}], "config": {"index": 53, "code_hash": null, "entity": [["tile_y", "sp", [-1, 1, 1]], ["tile_x", "sp", [-1, 4, 64]], ["tile_k", "sp", [-1, 1]], ["tile_inner", "sp", [-1, 1]]]}, "result": [[0.000100623, 0.000100623, 0.000100623, 0.000100623, 0.000100623, 0.000100915, 0.000100915, 0.000100915, 0.000100915, 0.000100915, 0.000101206, 0.000101206, 0.00010120700000000001, 0.00010120700000000001, 0.00010120700000000001, 0.00010120700000000001, 0.00010149800000000001, 0.00010149800000000001, 0.00010149800000000001, 0.00010179, 0.000102081, 0.000102081, 0.000102082, 0.000102373, 0.000102373, 0.00010266500000000001, 0.00010295600000000001, 0.000104998], 0, 0.3127894401550293, 1683820855.8991241], "version": 0.2, "tvm_version": "0.12.dev0"}
{"input": ["llvm -keys=cpu ", "dense_nopack.x86", [["TENSOR", [1, 512], "float32"], ["TENSOR", [1024, 512], "float32"], null, "float32"], {}], "config": {"index": 22, "code_hash": null, "entity": [["tile_y", "sp", [-1, 1]], ["tile_x", "sp", [-1, 1]], ["tile_k", "sp", [-1, 4]]]}, "result": [[9.974800000000001e-05, 9.974800000000001e-05, 9.974900000000001e-05, 0.00010004, 0.00010004, 0.000100623, 0.000100623, 0.000100623, 0.000100914, 0.000100915, 0.000100915, 0.000100915, 0.000100915, 0.00010149800000000001, 0.00010149800000000001, 0.00010149900000000001, 0.000102082, 0.000102373, 0.00010266500000000001, 0.00010412299999999999, 0.00010412299999999999, 0.000106164, 0.000108206, 0.000111123, 0.000111998, 0.000113164, 0.000122789, 0.000123082], 0, 0.3138117790222168, 1683821320.6956973], "version": 0.2, "tvm_version": "0.12.dev0"}
{"input": ["llvm -keys=cpu ", "dense_pack.x86", [["TENSOR", [1, 384], "float32"], ["TENSOR", [1024, 384], "float32"], null, "float32"], {}], "config": {"index": 174, "code_hash": null, "entity": [["tile_y", "sp", [-1, 1, 1]], ["tile_x", "sp", [-1, 16, 16]], ["tile_k", "sp", [-1, 3]], ["tile_inner", "sp", [-1, 1]]]}, "result": [[7.612399999999999e-05, 7.641499999999999e-05, 7.6416e-05, 7.6707e-05, 7.6707e-05, 7.6707e-05, 7.6999e-05, 7.729e-05, 7.729e-05, 7.729e-05, 7.729e-05, 7.729e-05, 7.7291e-05, 7.7582e-05, 7.7582e-05, 7.7582e-05, 7.7582e-05, 7.7582e-05, 7.787299999999999e-05, 7.787299999999999e-05, 7.787299999999999e-05, 7.7874e-05, 7.8166e-05, 7.8457e-05, 7.904e-05, 7.904e-05, 8.108200000000001e-05, 8.3999e-05], 0, 0.2974250316619873, 1683821408.4107091], "version": 0.2, "tvm_version": "0.12.dev0"}
{"input": ["llvm -keys=cpu ", "dense_nopack.x86", [["TENSOR", [1, 384], "float32"], ["TENSOR", [1024, 384], "float32"], null, "float32"], {}], "config": {"index": 121, "code_hash": null, "entity": [["tile_y", "sp", [-1, 1]], ["tile_x", "sp", [-1, 1]], ["tile_k", "sp", [-1, 64]]]},