{"input": ["llvm -keys=cpu ", "dense_pack.x86", [["TENSOR", [1, 256], "float32"], ["TENSOR", [4, 256], "float32"], null, "float32"], {}], "config": {"index": 53, "code_hash": null, "entity": [["tile_y", "sp", [-1, 1, 1]], ["tile_x", "sp", [-1, 1, 4]], ["tile_k", "sp", [-1, 256]], ["tile_inner", "sp", [-1, 1]]]}, "result": [[1.458e-06, 1.458e-06, 1.458e-06, 1.458e-06, 1.458e-06, 1.458e-06, 1.459e-06, 1.749e-06, 1.75e-06, 1.75e-06, 1.75e-06, 1.75e-06, 1.75e-06, 1.75e-06, 1.75e-06, 1.75e-06, 1.75e-06, 2.041e-06, 2.041e-06, 2.042e-06, 2.042e-06, 2.042e-06, 2.042e-06, 2.042e-06, 2.333e-06, 2.334e-06, 2.334e-06, 2.334e-06], 0, 0.421588659286499, 1683818232.8055205], "version": 0.2, "tvm_version": "0.12.dev0"}
{"input": ["llvm -keys=cpu ", "dense_nopack.x86", [["TENSOR", [1, 256], "float32"], ["TENSOR", [4, 256], "float32"], null, "float32"], {}], "config": {"index": 8, "code_hash": null, "entity": [["tile_y", "sp", [-1, 1]], ["tile_x", "sp", [-1, 4]], ["tile_k", "sp", [-1, 4]]]}, "result": [[8.75e-07, 8.75e-07, 8.75e-07, 8.75e-07, 8.75e-07, 1.166e-06, 1.166e-06, 1.166e-06, 1.166e-06, 1.166e-06, 1.166e-06, 1.167e-06, 1.167e-06, 1.167e-06, 1.167e-06, 1.167e-06, 1.167e-06, 1.167e-06, 1.167e-06, 1.167e-06, 1.167e-06, 1.167e-06, 1.167e-06, 1.167e-06, 1.167e-06, 1.167e-06, 1.458e-06, 1.75e-06], 0, 0.22033047676086426, 1683818257.1586316], "version": 0.2, "tvm_version": "0.12.dev0"}
{"input": ["llvm -keys=cpu ", "dense_pack.x86", [["TENSOR", [1, 64], "float32"], ["TENSOR", [128, 64], "float32"], null, "float32"], {}], "config": {"index": 173, "code_hash": null, "entity": [["tile_y", "sp", [-1, 1, 1]], ["tile_x", "sp", [-1, 8, 16]], ["tile_k", "sp", [-1, 16]], ["tile_inner", "sp", [-1, 1]]]}, "result": [[2.6250000000000003e-06, 2.6250000000000003e-06, 2.6250000000000003e-06, 2.6250000000000003e-06, 2.6250000000000003e-06, 2.916e-06, 2.916e-06, 2.916e-06, 2.916e-06, 2.916e-06, 2.916e-06, 2.916e-06, 2.9169999999999998e-06, 2.9169999999999998e-06, 2.9169999999999998e-06, 2.9169999999999998e-06, 2.9169999999999998e-06, 3.208e-06, 3.208e-06, 3.208e-06, 3.209e-06, 3.209e-06, 3.209e-06, 3.5e-06, 3.5e-06, 3.5e-06, 3.5e-06, 3.5e-06], 0, 0.2921133041381836, 1683818292.549041], "version": 0.2, "tvm_version": "0.12.dev0"}
{"input": ["llvm -keys=cpu ", "dense_nopack.x86", [["TENSOR", [1, 64], "float32"], ["TENSOR", [128, 64], "float32"], null, "float32"], {}], "config": {"index": 31, "code_hash": null, "entity": [["tile_y", "sp", [-1, 1]], ["tile_x", "sp", [-1, 128]], ["tile_k", "sp", [-1, 8]]]}, "result": [[6.708000000000001e-06, 6.708000000000001e-06, 6.708000000000001e-06, 6.999e-06, 7e-06, 7e-06, 7e-06, 7e-06, 7e-06, 7e-06, 7e-06, 7e-06, 7e-06, 7.291e-06, 7.291e-06, 7.291e-06, 7.291e-06, 7.291e-06, 7.292e-06, 7.292e-06, 7.292e-06, 7.292e-06, 7.583e-06, 7.583e-06, 7.584e-06, 7.875e-06, 7.875e-06, 7.875e-06], 0, 1.1039557456970215, 1683818345.5176334], "version": 0.2, "tvm_version": "0.12.dev0"}
{"input": ["llvm -keys=cpu ", "dense_pack.x86", [["TENSOR", [1, 256], "float32"], ["TENSOR", [64, 256], "float32"], null, "float32"], {}], "config": {"index": 136, "code_hash": null, "entity": [["tile_y", "sp", [-1, 1, 1]], ["tile_x", "sp", [-1, 4, 16]], ["tile_k", "sp", [-1, 16]], ["tile_inner", "sp", [-1, 1]]]}, "result": [[4.958e-06, 4.958e-06, 4.958e-06, 4.9589999999999994e-06, 4.9589999999999994e-06, 5.249e-06, 5.249e-06, 5.2500000000000006e-06, 5.2500000000000006e-06, 5.2500000000000006e-06, 5.2500000000000006e-06, 5.2500000000000006e-06, 5.2500000000000006e-06, 5.2500000000000006e-06, 5.2500000000000006e-06, 5.2500000000000006e-06, 5.2500000000000006e-06, 5.2500000000000006e-06, 5.2500000000000006e-06, 5.541e-06, 5.541e-06, 5.5420000000000005e-06, 5.5420000000000005e-06, 5.5420000000000005e-06, 5.5420000000000005e-06, 5.5420000000000005e-06, 5.8339999999999995e-06, 6.125000000000001e-06], 0, 0.26419878005981445, 1683818391.8619308], "version": 0.2, "tvm_version": "0.12.dev0"}
{"input": ["llvm -keys=cpu ", "dense_nopack.x86", [["TENSOR", [1, 256], "float32"], ["TENSOR", [64, 256], "float32"], null, "float32"], {}], "config": {"index": 16, "code_hash": null, "entity": [["tile_y", "sp", [-1, 1]], ["tile_x", "sp", [-1, 4]], ["tile_k", "sp", [-1, 4]]]}, "result": [[1.2542e-05, 1.2542e-05, 1.2542e-05, 1.2542e-05, 1.2833e-05, 1.2833e-05, 1.2833e-05, 1.2833e-05, 1.2833e-05, 1.2833e-05, 1.3124e-05, 1.3124999999999999e-05, 1.3124999999999999e-05, 1.3124999999999999e-05, 1.3124999999999999e-05, 1.3124999999999999e-05, 1.3124999999999999e-05, 1.3124999999999999e-05, 1.3416000000000002e-05, 1.3416000000000002e-05, 1.3416000000000002e-05, 1.3417e-05, 1.3417e-05, 1.3417e-05, 1.3708e-05, 1.3709e-05, 1.3709e-05, 1.4583e-05], 0, 0.2998812198638916, 1683818446.8598132], "version": 0.2, "tvm_version": "0.12.dev0"}
{"input": ["llvm -keys=cpu ", "dense_pack.x86", [["TENSOR", [1, 512], "float32"], ["TENSOR", [1024, 512], "float32"], null, "float32"], {}], "config": {"index": 158, "code_hash": null, "entity": [["tile_y", "sp", [-1, 1, 1]], ["tile_x", "sp", [-1, 32, 4]], ["tile_k", "sp", [-1, 4]], ["tile_inner", "sp", [-1, 1]]]}, "result": [[0.000100915, 0.000100915, 0.000101206, 0.000101206, 0.00010120700000000001, 0.00010120700000000001, 0.00010149800000000001, 0.00010149800000000001, 0.00010149800000000001, 0.00010149800000000001, 0.00010178900000000001, 0.00010179, 0.00010179, 0.00010179, 0.00010179, 0.000102081, 0.000102081, 0.000102082, 0.000102082, 0.00010295600000000001, 0.00010295700000000001, 0.00010324800000000001, 0.00010324800000000001, 0.000103249, 0.00010353999999999999, 0.00010412299999999999, 0.000104707, 0.00010499899999999999], 0, 0.3549773693084717, 1683818556.543231], "version": 0.2, "tvm_version": "0.12.dev0"}
{"input": ["llvm -keys=cpu ", "dense_nopack.x86", [["TENSOR", [1, 512], "float32"], ["TENSOR", [1024, 512], "float32"], null, "float32"], {}], "config": {"index": 44, "code_hash": null, "entity": [["tile_y", "sp", [-1, 1]], ["tile_x", "sp", [-1, 1]], ["tile_k", "sp", [-1, 16]]]}, "result": [[0.000102373, 0.000102374, 0.000102664, 0.00010266500000000001, 0.00010266500000000001, 0.00010266500000000001, 0.00010295600000000001, 0.00010295700000000001, 0.00010324800000000001, 0.00010324800000000001, 0.000103249, 0.00010353999999999999, 0.00010353999999999999, 0.00010412299999999999, 0.00010412299999999999, 0.000104415, 0.000104706, 0.000104707, 0.00010558199999999999, 0.000105874, 0.00010733099999999999, 0.000108498, 0.000109082, 0.000109373, 0.00011695600000000001, 0.00011695600000000001, 0.000128914, 0.000151664], 0, 0.2545595169067383, 1683818711.1833224], "version": 0.2, "tvm_version": "0.12.dev0"}
{"input": ["llvm -keys=cpu ", "dense_pack.x86", [["TENSOR", [1, 384], "float32"], ["TENSOR", [1024, 384], "float32"], null, "float32"], {}], "config": {"index": 163, "code_hash": null, "entity": [["tile_y", "sp", [-1, 1, 1]], ["tile_x", "sp", [-1, 2, 8]], ["tile_k", "sp", [-1, 3]], ["tile_inner", "sp", [-1, 1]]]}, "result": [[7.6998e-05, 7.6999e-05, 7.729e-05, 7.7582e-05, 7.7582e-05, 7.7582e-05, 7.7582e-05, 7.787299999999999e-05, 7.787299999999999e-05, 7.7874e-05, 7.7874e-05, 7.7874e-05, 7.8165e-05, 7.8165e-05, 7.8165e-05, 7.8166e-05, 7.8457e-05, 7.8457e-05, 7.8457e-05, 7.8457e-05, 7.8457e-05, 7.8749e-05, 7.904e-05, 7.904e-05, 7.962299999999999e-05, 7.9624e-05, 8.0207e-05, 8.5166e-05], 0, 0.34800124168395996, 1683818819.9476674], "version": 0.2, "tvm_version": "0.12.dev0"}
{"input": ["llvm -keys=cpu ", "dense_nopack.x86", [["TENSOR", [1, 384], "float32"], ["TENSOR", [1024, 384], "float32"], null, "float32"], {}], "config": {"index": 55, "code_hash": null, "entity": [["tile_y", "sp", [-1, 1]], ["tile_x", "sp", [-1, 1]], ["tile_k", "sp", [-1, 8]]]},